Country,Total,Year
Afghanistan,526,2010
Albania,"1,046",2010
Algeria,404,2010
Andorra,26,2010
Angola,"1,203",2010
Antigua and Barbuda,460,2010
Argentina,"8,774",2010
Armenia,577,2010
Australia,"13,278",2010
Austria,"5,398",2010
Azerbaijan,"1,679",2010
Bahamas,"7,468",2010
Bahrain,"1,016",2010
Bangladesh,"2,753",2010
Barbados,846,2010
Belarus,"3,339",2010
Belgium,"4,875",2010
Belize,676,2010
Benin,340,2010
Bhutan,134,2010
Bolivia,"2,096",2010
Bosnia and Herzegovina,583,2010
Botswana,331,2010
Brazil,"38,961",2010
Brunei,71,2010
Bulgaria,"7,709",2010
Burkina Faso,552,2010
Burma,684,2010
Burundi,112,2010
Cambodia,417,2010
Cameroon,"1,234",2010
Canada,"335,327",2010
Cape Verde,94,2010
Central African Republic,32,2010
Chad,54,2010
Chile,"7,274",2010
China,"221,820",2010
Colombia,"18,479",2010
Comoros,0,2010
Congo (Brazzaville),288,2010
Congo (Kinshasa),127,2010
Costa Rica,"3,211",2010
Cote d'Ivoire,516,2010
Croatia,"1,878",2010
Cuba,62,2010
Cyprus,"1,105",2010
Czech Republic,"4,153",2010
Denmark,"5,270",2010
Djibouti,19,2010
Dominica,256,2010
Dominican Republic,"4,858",2010
East Timor,0,2010
Ecuador,"6,145",2010
Egypt,"4,774",2010
El Salvador,"2,263",2010
Equatorial Guinea,83,2010
Eritrea,104,2010
Estonia,"1,124",2010
Ethiopia,"1,011",2010
Fiji,113,2010
Finland,"3,396",2010
France ,"41,876",2010
Gabon,422,2010
Gambia,409,2010
Georgia,"1,058",2010
Germany,"53,003",2010
Ghana,"2,682",2010
Greece,"5,053",2010
Grenada,345,2010
Guatemala,"3,032",2010
Guinea,162,2010
Guinea-Bissau,9,2010
Guyana,332,2010
Haiti,"1,337",2010
Holy See,5,2010
Honduras,"2,573",2010
Hungary,"3,726",2010
Iceland,"1,284",2010
India,"99,786",2010
Indonesia,"9,443",2010
Iran,"2,529",2010
Iraq,"1,193",2010
Ireland,"12,332",2010
Israel,"12,328",2010
Italy,"21,822",2010
Jamaica,"9,037",2010
Japan,"67,862",2010
Jordan,"4,207",2010
Kazakhstan,"6,953",2010
Kenya,"2,703",2010
Kiribati,16,2010
"Korea, North",5,2010
"Korea, South","172,532",2010
Kuwait,"5,992",2010
Kyrgyzstan,"1,202",2010
Laos,96,2010
Latvia,781,2010
Lebanon,"2,777",2010
Lesotho,47,2010
Liberia,171,2010
Libya,"2,323",2010
Liechtenstein,46,2010
Lithuania,"1,851",2010
Luxembourg,272,2010
Macedonia,"2,162",2010
Madagascar,98,2010
Malawi,197,2010
Malaysia,"7,489",2010
Maldives,87,2010
Mali,556,2010
Malta,68,2010
Marshall Islands,0,2010
Mauritania,86,2010
Mauritius,257,2010
Mexico,"335,544",2010
"Micronesia, Federated States of",0,2010
Moldova,"4,741",2010
Monaco,62,2010
Mongolia,"3,103",2010
Morocco ,"2,227",2010
Mozambique,149,2010
Namibia,135,2010
Nauru,0,2010
Nepal,"5,251",2010
Netherlands,"9,759",2010
New Zealand,"3,808",2010
Nicaragua,"1,031",2010
Niger,187,2010
Nigeria,"7,180",2010
Norway,"7,947",2010
Oman,683,2010
Pakistan,"6,490",2010
Palau,0,2010
Panama,"3,304",2010
Papua New Guinea,57,2010
Paraguay,977,2010
Peru,"8,316",2010
Philippines,"5,362",2010
Poland,"7,979",2010
Portugal,"3,740",2010
Qatar,"1,930",2010
Romania,"6,111",2010
Russia,"32,773",2010
Rwanda,752,2010
Saint Kitts and Nevis,609,2010
Saint Lucia,716,2010
Saint Vincent and the Grenadines,232,2010
Samoa,22,2010
San Marino,9,2010
Sao Tome and Principe,5,2010
Saudi Arabia,"41,646",2010
Senegal,780,2010
Serbia and Montenegro,94,2010
Seychelles,5,2010
Sierra Leone,129,2010
Singapore,"8,903",2010
Slovakia,"3,687",2010
Slovenia,643,2010
Solomon Islands,16,2010
Somalia,28,2010
South Africa,"5,017",2010
Spain,"22,885",2010
Sri Lanka,"2,652",2010
Sudan,214,2010
Suriname,167,2010
Swaziland,102,2010
Sweden,"11,952",2010
Switzerland,"9,013",2010
Syria,799,2010
Taiwan,"45,117",2010
Tajikistan,"1,056",2010
Tanzania,"1,092",2010
Thailand,"21,130",2010
Togo,188,2010
Tonga,80,2010
Trinidad and Tobago,"4,365",2010
Tunisia,828,2010
Turkey,"31,799",2010
Turkmenistan,415,2010
Tuvalu,0,2010
Uganda,924,2010
Ukraine,"13,141",2010
United Arab Emirates,"4,528",2010
United Kingdom,"45,060",2010
Uruguay,"1,130",2010
Uzbekistan,927,2010
Vanuatu,9,2010
Venezuela,"14,141",2010
Vietnam,"13,991",2010
Yemen,448,2010
Zambia,479,2010
Zimbabwe,944,2010
Unknown,"68,668",2010
Afghanistan,573,2011
Albania,907,2011
Algeria,457,2011
Andorra,30,2011
Angola,"1,303",2011
Antigua and Barbuda,427,2011
Argentina,"8,631",2011
Armenia,631,2011
Australia ,"13,485",2011
Austria,"5,223",2011
Azerbaijan,"1,207",2011
Bahamas,"6,563",2011
Bahrain,978,2011
Bangladesh,"3,075",2011
Barbados,737,2011
Belarus,"1,631",2011
Belgium,"4,575",2011
Belize,655,2011
Benin,376,2011
Bhutan,150,2011
Bolivia,"2,082",2011
Bosnia and Herzegovina,623,2011
Botswana,334,2011
Brazil,"43,849",2011
Brunei,100,2011
Bulgaria,"8,877",2011
Burkina Faso,461,2011
Burma,733,2011
Burundi,128,2011
Cambodia,415,2011
Cameroon,"1,163",2011
Canada,"423,775",2011
Cape Verde,70,2011
Central African Republic,23,2011
Chad,50,2011
Chile,"7,804",2011
China,"277,742",2011
Colombia,"19,304",2011
Comoros,0,2011
Congo (Brazzaville) ,354,2011
Congo (Kinshasa) ,98,2011
Costa Rica,"3,025",2011
Cote d'Ivoire,298,2011
Croatia,"1,942",2011
Cuba,60,2011
Cyprus,978,2011
Czech Republic,"4,145",2011
Denmark ,"5,556",2011
Djibouti,15,2011
Dominica,199,2011
Dominican Republic,"5,043",2011
Ecuador,"5,926",2011
Egypt,"4,744",2011
El Salvador,"2,074",2011
Equatorial Guinea,72,2011
Eritrea,126,2011
Estonia,"1,016",2011
Ethiopia,"1,155",2011
Fiji,110,2011
Finland,"3,329",2011
France ,"40,993",2011
Gabon,444,2011
Gambia,407,2011
Georgia,"1,015",2011
Germany,"48,761",2011
Ghana,"2,736",2011
Greece,"4,905",2011
Grenada,405,2011
Guatemala,"3,049",2011
Guinea,158,2011
Guinea-Bissau,0,2011
Guyana,306,2011
Haiti,"1,171",2011
Holy See,0,2011
Honduras,"2,902",2011
Hungary,"3,709",2011
Iceland,"1,332",2011
India,"96,828",2011
Indonesia,"9,637",2011
Iran,"3,419",2011
Iraq,"1,849",2011
Ireland,"12,893",2011
Israel,"11,358",2011
Italy,"21,709",2011
Jamaica,"8,388",2011
Japan,"61,320",2011
Jordan,"4,213",2011
Kazakhstan,"7,846",2011
Kenya,"2,475",2011
Kiribati,36,2011
"Korea, North ",6,2011
"Korea, South ","159,218",2011
Kuwait,"7,568",2011
Kyrgyzstan,"1,569",2011
Laos,89,2011
Latvia,826,2011
Lebanon,"2,787",2011
Lesotho,40,2011
Liberia,166,2011
Libya,"1,148",2011
Liechtenstein,50,2011
Lithuania,"1,933",2011
Luxembourg,262,2011
Macedonia,"2,764",2011
Madagascar,103,2011
Malawi,215,2011
Malaysia,"7,459",2011
Maldives,81,2011
Mali,410,2011
Malta,84,2011
Marshall Islands,6,2011
Mauritania,109,2011
Mauritius,260,2011
Mexico,"384,533",2011
"Micronesia, Federated States of",0,2011
Moldova,"4,041",2011
Monaco,70,2011
Mongolia,"2,660",2011
Morocco ,"2,432",2011
Mozambique,142,2011
Namibia,141,2011
Nauru,0,2011
Nepal,"4,803",2011
Netherlands ,"9,081",2011
New Zealand ,"3,789",2011
Nicaragua,"1,004",2011
Niger,158,2011
Nigeria,"7,531",2011
Norway,"8,652",2011
Oman,738,2011
Pakistan,"6,594",2011
Palau,0,2011
Panama,"3,437",2011
Papua New Guinea,79,2011
Paraguay,902,2011
Peru,"8,555",2011
Philippines,"5,463",2011
Poland,"7,934",2011
Portugal,"3,484",2011
Qatar,"2,327",2011
Romania,"6,615",2011
Russia,"21,612",2011
Rwanda,714,2011
Saint Kitts and Nevis,477,2011
Saint Lucia,672,2011
Saint Vincent and the Grenadines,202,2011
Samoa,48,2011
San Marino,7,2011
Sao Tome and Principe,0,2011
Saudi Arabia,"69,751",2011
Senegal,826,2011
Serbia and Montenegro,47,2011
Seychelles,13,2011
Sierra Leone,132,2011
Singapore,"8,831",2011
Slovakia,"3,788",2011
Slovenia,650,2011
Solomon Islands,14,2011
Somalia,51,2011
South Africa,"4,766",2011
Spain,"24,545",2011
Sri Lanka,"2,720",2011
Sudan,267,2011
Suriname,170,2011
Swaziland,129,2011
Sweden,"12,401",2011
Switzerland,"8,976",2011
Syria,723,2011
Taiwan,"41,635",2011
Tajikistan,938,2011
Tanzania,"1,054",2011
Thailand,"20,917",2011
Togo,217,2011
Tonga,86,2011
Trinidad and Tobago,"3,686",2011
Tunisia,904,2011
Turkey,"32,060",2011
Turkmenistan,381,2011
Tuvalu,4,2011
Uganda,936,2011
Ukraine,"11,103",2011
United Arab Emirates,"5,013",2011
United Kingdom ,"43,288",2011
Uruguay,"1,198",2011
Uzbekistan,929,2011
Vanuatu,8,2011
Venezuela,"16,454",2011
Vietnam,"14,863",2011
Yemen,519,2011
Zambia,443,2011
Zimbabwe,"1,059",2011
Unknown,"59,643",2011
Afghanistan,527,2012
Albania,886,2012
Algeria,499,2012
Andorra,61,2012
Angola,"1,517",2012
Antigua and Barbuda,400,2012
Argentina,"8,022",2012
Armenia,527,2012
Australia,"13,416",2012
Austria,"5,047",2012
Azerbaijan,"1,026",2012
Bahamas,"6,449",2012
Bahrain,"1,011",2012
Bangladesh,"3,568",2012
Barbados,730,2012
Belarus,"1,067",2012
Belgium,"4,416",2012
Belize,717,2012
Benin,403,2012
Bhutan,140,2012
Bolivia,"2,020",2012
Bosnia and Herzegovina,643,2012
Botswana,270,2012
Brazil,"46,692",2012
Brunei,116,2012
Bulgaria,"9,273",2012
Burkina Faso,631,2012
Burma,926,2012
Burundi,143,2012
Cambodia,471,2012
Cameroon,"1,005",2012
Canada,"312,129",2012
Cape Verde,93,2012
Central African Republic,19,2012
Chad,48,2012
Chile,"7,683",2012
China ,"330,433",2012
Colombia,"19,840",2012
Comoros,10,2012
Congo (Brazzaville) ,419,2012
Congo (Kinshasa) ,120,2012
Costa Rica,"2,893",2012
Cote d'Ivoire,456,2012
Croatia,"1,726",2012
Cuba,77,2012
Cyprus,930,2012
Czech Republic,"4,179",2012
Denmark ,"5,836",2012
Djibouti,20,2012
Dominica,157,2012
Dominican Republic,"4,890",2012
Ecuador,"6,091",2012
Egypt,"5,910",2012
El Salvador,"2,145",2012
Equatorial Guinea,91,2012
Eritrea,116,2012
Estonia,"1,154",2012
Ethiopia,"1,257",2012
Fiji,92,2012
Finland,"3,048",2012
France ,"39,824",2012
Gabon,433,2012
Gambia,196,2012
Georgia,995,2012
Germany,"47,425",2012
Ghana,"2,836",2012
Greece,"5,105",2012
Grenada,314,2012
Guatemala,"3,170",2012
Guinea,168,2012
Guinea-Bissau,16,2012
Guyana,307,2012
Haiti,"1,183",2012
Holy See,0,2012
Honduras,"3,221",2012
Hungary,"3,785",2012
Iceland,"1,290",2012
India,"93,293",2012
Indonesia,"10,154",2012
Iran,"5,326",2012
Iraq,"2,325",2012
Ireland,"13,803",2012
Israel,"10,935",2012
Italy,"21,390",2012
Jamaica,"7,267",2012
Japan,"59,967",2012
Jordan,"4,538",2012
Kazakhstan,"7,091",2012
Kenya,"2,410",2012
Kiribati,32,2012
"Korea, North ",4,2012
"Korea, South ","142,206",2012
Kuwait,"9,562",2012
Kyrgyzstan,"1,283",2012
Laos,72,2012
Latvia,864,2012
Lebanon,"3,081",2012
Lesotho,64,2012
Liberia,205,2012
Libya,"1,472",2012
Liechtenstein,53,2012
Lithuania,"1,803",2012
Luxembourg,264,2012
Macedonia,"2,627",2012
Madagascar,115,2012
Malawi,235,2012
Malaysia,"7,574",2012
Maldives,79,2012
Mali,302,2012
Malta,87,2012
Marshall Islands,0,2012
Mauritania,125,2012
Mauritius,244,2012
Mexico,"290,354",2012
"Micronesia, Federated States of",5,2012
Moldova,"3,464",2012
Monaco,64,2012
Mongolia,"2,296",2012
Morocco ,"2,403",2012
Mozambique,158,2012
Namibia,131,2012
Nauru,0,2012
Nepal,"4,019",2012
Netherlands ,"8,981",2012
New Zealand ,"3,918",2012
Nicaragua,933,2012
Niger,156,2012
Nigeria,"7,205",2012
Norway,"9,010",2012
Oman,"2,119",2012
Pakistan,"6,535",2012
Palau,5,2012
Panama,"3,867",2012
Papua New Guinea,94,2012
Paraguay,"1,016",2012
Peru,"8,117",2012
Philippines,"5,978",2012
Poland,"7,304",2012
Portugal,"3,217",2012
Qatar,"2,646",2012
Romania,"5,796",2012
Russia,"18,744",2012
Rwanda,879,2012
Saint Kitts and Nevis,376,2012
Saint Lucia,517,2012
Saint Vincent and the Grenadines,164,2012
Samoa,40,2012
San Marino,8,2012
Sao Tome and Principe,0,2012
Saudi Arabia,"96,069",2012
Senegal,772,2012
Serbia and Montenegro,0,2012
Seychelles,12,2012
Sierra Leone,128,2012
Singapore,"8,911",2012
Slovakia,"3,621",2012
Slovenia,721,2012
Solomon Islands,0,2012
Somalia,50,2012
South Africa,"4,470",2012
Spain,"25,096",2012
Sri Lanka,"2,559",2012
Sudan,308,2012
Suriname,184,2012
Swaziland,103,2012
Sweden,"12,334",2012
Switzerland,"9,316",2012
Syria,801,2012
Taiwan,"37,965",2012
Tajikistan,613,2012
Tanzania,959,2012
Thailand,"18,052",2012
Togo,190,2012
Tonga,64,2012
Trinidad and Tobago,"3,512",2012
Tunisia,"1,203",2012
Turkey,"30,124",2012
Turkmenistan,326,2012
Tuvalu,0,2012
Uganda,892,2012
Ukraine,"10,394",2012
United Arab Emirates,"5,226",2012
United Kingdom ,"43,468",2012
Uruguay,940,2012
Uzbekistan,902,2012
Vanuatu,0,2012
Venezuela,"18,218",2012
Vietnam,"15,192",2012
Yemen,823,2012
Zambia,504,2012
Zimbabwe,"1,023",2012
Unknown,"26,613",2012
Afghanistan,624,2013
Albania,880,2013
Algeria,550,2013
Andorra,61,2013
Angola,"1,851",2013
Antigua and Barbuda,357,2013
Argentina,"8,082",2013
Armenia,575,2013
Australia,"14,811",2013
Austria,"5,419",2013
Azerbaijan,"1,119",2013
Bahamas,"6,587",2013
Bahrain,"1,045",2013
Bangladesh,"4,889",2013
Barbados,707,2013
Belarus,950,2013
Belgium,"4,917",2013
Belize,612,2013
Benin,310,2013
Bhutan,158,2013
Bolivia,"2,073",2013
Bosnia and Herzegovina,771,2013
Botswana,282,2013
Brazil,"48,803",2013
Brunei,134,2013
Bulgaria,"8,907",2013
Burkina Faso,669,2013
Burma,"1,125",2013
Burundi,250,2013
Cambodia,595,2013
Cameroon,891,2013
Canada ,"257,285",2013
Cape Verde,90,2013
Central African Republic,16,2013
Chad,50,2013
Chile,"8,271",2013
China ,"391,068",2013
Colombia,"22,075",2013
Comoros,10,2013
Congo (Brazzaville) ,348,2013
Congo (Kinshasa) ,420,2013
Costa Rica,"2,951",2013
Cote d'Ivoire,709,2013
Croatia,"1,737",2013
Cuba,71,2013
Cyprus,882,2013
Czech Republic,"4,548",2013
Denmark ,"6,289",2013
Djibouti,12,2013
Dominica,226,2013
Dominican Republic,"5,236",2013
East Timor,0,2013
Ecuador,"7,001",2013
Egypt,"5,910",2013
El Salvador,"2,209",2013
Equatorial Guinea,278,2013
Eritrea,141,2013
Estonia,"1,204",2013
Ethiopia,"1,397",2013
Fiji,136,2013
Finland,"3,322",2013
France ,"41,337",2013
Gabon,391,2013
Gambia,198,2013
Georgia,"1,151",2013
Germany,"50,957",2013
Ghana,"2,750",2013
Greece,"5,364",2013
Grenada,242,2013
Guatemala,"3,281",2013
Guinea,159,2013
Guinea-Bissau,4,2013
Guyana,335,2013
Haiti,"1,254",2013
Holy See,0,2013
Honduras,"3,591",2013
Hungary,"3,806",2013
Iceland,"1,235",2013
India,"106,476",2013
Indonesia,"11,228",2013
Iran,"6,458",2013
Iraq,"2,671",2013
Ireland,"17,110",2013
Israel,"11,539",2013
Italy,"22,885",2013
Jamaica,"7,032",2013
Japan,"62,162",2013
Jordan,"4,166",2013
Kazakhstan,"6,400",2013
Kenya,"2,561",2013
Kiribati,19,2013
"Korea, North ",7,2013
"Korea, South ","135,839",2013
Kuwait,"13,374",2013
Kyrgyzstan,"1,164",2013
Laos,127,2013
Latvia,891,2013
Lebanon,"3,183",2013
Lesotho,50,2013
Liberia,241,2013
Libya,"1,826",2013
Liechtenstein,74,2013
Lithuania,"1,923",2013
Luxembourg,317,2013
Macedonia,"2,323",2013
Madagascar,109,2013
Malawi,270,2013
Malaysia,"8,203",2013
Maldives,103,2013
Mali,376,2013
Malta,67,2013
Marshall Islands,6,2013
Mauritania,101,2013
Mauritius,255,2013
Mexico,"250,540",2013
"Micronesia, Federated States of",0,2013
Moldova,"3,531",2013
Monaco,55,2013
Mongolia,"2,534",2013
Morocco ,"2,619",2013
Mozambique,173,2013
Namibia,133,2013
Nauru,0,2013
Nepal,"3,629",2013
Netherlands ,"9,632",2013
New Zealand ,"4,517",2013
Nicaragua,943,2013
Niger,169,2013
Nigeria,"8,551",2013
Norway,"9,724",2013
Oman,"3,125",2013
Pakistan,"7,030",2013
Palau,0,2013
Panama,"4,189",2013
Papua New Guinea,158,2013
Paraguay,"1,182",2013
Peru,"8,342",2013
Philippines,"6,980",2013
Poland,"7,888",2013
Portugal,"3,281",2013
Qatar,"3,239",2013
Romania,"6,317",2013
Russia,"21,119",2013
Rwanda,988,2013
Saint Kitts and Nevis,398,2013
Saint Lucia,454,2013
Saint Vincent and the Grenadines,177,2013
Samoa,53,2013
San Marino,3,2013
Sao Tome and Principe,6,2013
Saudi Arabia,"112,363",2013
Senegal,908,2013
Serbia and Montenegro,616,2013
Seychelles,10,2013
Sierra Leone,149,2013
Singapore,"9,712",2013
Slovakia,"4,342",2013
Slovenia,738,2013
Solomon Islands,19,2013
Somalia,53,2013
South Africa,"4,640",2013
Spain,"27,389",2013
Sri Lanka,"2,526",2013
Sudan,285,2013
Suriname,226,2013
Swaziland,151,2013
Sweden,"13,118",2013
Switzerland,"9,713",2013
Syria,"1,172",2013
Taiwan,"39,044",2013
Tajikistan,464,2013
Tanzania,958,2013
Thailand,"20,271",2013
Togo,155,2013
Tonga,94,2013
Trinidad and Tobago,"3,178",2013
Tunisia,"1,300",2013
Turkey,"29,163",2013
Turkmenistan,415,2013
Tuvalu,0,2013
Uganda,891,2013
Ukraine,"7,866",2013
United Arab Emirates,"5,985",2013
United Kingdom ,"47,481",2013
Uruguay,"1,188",2013
Uzbekistan,939,2013
Vanuatu,10,2013
Venezuela,"21,725",2013
Vietnam,"15,716",2013
Yemen,"1,007",2013
Zambia,518,2013
Zimbabwe,"1,053",2013
Unknown,"12,418",2013
Afghanistan,675,2014
Albania,972,2014
Algeria,551,2014
Andorra,32,2014
Angola,"2,016",2014
Antigua and Barbuda,369,2014
Argentina,"9,343",2014
Armenia,550,2014
Australia ,"17,065",2014
Austria,"6,086",2014
Azerbaijan,"1,000",2014
Bahamas,"6,848",2014
Bahrain,"1,151",2014
Bangladesh,"5,421",2014
Barbados,659,2014
Belarus,878,2014
Belgium,"5,515",2014
Belize,588,2014
Benin,355,2014
Bhutan,197,2014
Bolivia,"2,225",2014
Bosnia and Herzegovina,942,2014
Botswana,306,2014
Brazil,"60,046",2014
Brunei,133,2014
Bulgaria,"8,183",2014
Burkina Faso,791,2014
Burma,"1,310",2014
Burundi,267,2014
Cambodia,638,2014
Cameroon,"1,036",2014
Canada,"259,568",2014
Cape Verde,118,2014
Central African Republic,31,2014
Chad,84,2014
Chile,"9,383",2014
China,"460,476",2014
Colombia,"24,292",2014
Comoros,14,2014
Congo (Brazzaville),299,2014
Congo (Kinshasa),756,2014
Costa Rica,"3,173",2014
Cote d'Ivoire,"1,063",2014
Croatia,"1,884",2014
Cuba,123,2014
Cyprus,919,2014
Czech Republic,"5,598",2014
Denmark,"7,559",2014
Djibouti,16,2014
Dominica,261,2014
Dominican Republic,"5,626",2014
East Timor,47,2014
Ecuador,"7,969",2014
Egypt,"7,035",2014
El Salvador,"2,513",2014
Equatorial Guinea,378,2014
Eritrea,167,2014
Estonia,"1,110",2014
Ethiopia,"1,390",2014
Fiji,130,2014
Finland,"3,740",2014
France,"47,839",2014
Gabon,441,2014
Gambia,187,2014
Georgia,"1,291",2014
Germany,"56,428",2014
Ghana,"2,768",2014
Greece,"5,781",2014
Grenada,265,2014
Guatemala,"3,448",2014
Guinea,133,2014
Guinea-Bissau,14,2014
Guyana,357,2014
Haiti,"1,281",2014
Holy See,0,2014
Honduras,"3,813",2014
Hungary,"4,355",2014
Iceland,"1,220",2014
India,"136,078",2014
Indonesia,"12,332",2014
Iran,"7,443",2014
Iraq,"2,559",2014
Ireland,"17,903",2014
Israel,"12,150",2014
Italy,"26,707",2014
Jamaica,"8,386",2014
Japan,"67,292",2014
Jordan,"4,885",2014
Kazakhstan,"6,463",2014
Kenya,"2,796",2014
Kiribati,29,2014
"Korea, North",7,2014
"Korea, South","142,015",2014
Kosovo,775,2014
Kuwait,"18,394",2014
Kyrgyzstan,858,2014
Laos,142,2014
Latvia,849,2014
Lebanon,"3,319",2014
Lesotho,89,2014
Liberia,257,2014
Libya,"2,007",2014
Liechtenstein,69,2014
Lithuania,"1,936",2014
Luxembourg,337,2014
Macedonia,"1,883",2014
Madagascar,145,2014
Malawi,306,2014
Malaysia,"9,267",2014
Maldives,161,2014
Mali,444,2014
Malta,69,2014
Marshall Islands,8,2014
Mauritania,180,2014
Mauritius,370,2014
Mexico,"256,082",2014
"Micronesia, Federated States",0,2014
Moldova,"2,901",2014
Monaco,46,2014
Mongolia,"2,717",2014
Morocco,"2,926",2014
Mozambique,169,2014
Namibia,145,2014
Nauru,3,2014
Nepal,"4,362",2014
Netherlands,"10,872",2014
New Zealand,"5,122",2014
Nicaragua,912,2014
Niger,184,2014
Nigeria,"10,283",2014
Norway,"10,761",2014
Oman,"4,315",2014
Pakistan,"8,532",2014
Palau,0,2014
Panama,"4,412",2014
Papua New Guinea,181,2014
Paraguay,"1,414",2014
Peru,"9,423",2014
Philippines,"8,011",2014
Poland,"9,097",2014
Portugal,"3,635",2014
Qatar,"3,623",2014
Romania,"7,443",2014
Russia,"23,565",2014
Rwanda,"1,160",2014
Saint Kitts and Nevis,416,2014
Saint Lucia,359,2014
Saint Vincent and the Grenadines,163,2014
Samoa,47,2014
San Marino,13,2014
Sao Tome and Principe,6,2014
Saudi Arabia,"132,781",2014
Senegal,811,2014
Serbia and Montenegro,"1,055",2014
Seychelles,28,2014
Sierra Leone,194,2014
Singapore,"10,977",2014
Slovakia,"4,687",2014
Slovenia,886,2014
Solomon Islands,21,2014
Somalia,41,2014
South Africa,"4,960",2014
South Sudan,77,2014
Spain,"32,730",2014
Sri Lanka,"2,956",2014
Sudan,377,2014
Suriname,191,2014
Swaziland,197,2014
Sweden,"15,031",2014
Switzerland,"10,466",2014
Syria,"1,271",2014
Taiwan,"42,191",2014
Tajikistan,462,2014
Tanzania,"1,016",2014
Thailand,"23,567",2014
Togo,182,2014
Tonga,82,2014
Trinidad and Tobago,"3,165",2014
Tunisia,"1,536",2014
Turkey,"30,469",2014
Turkmenistan,482,2014
Tuvalu,6,2014
Uganda,889,2014
Ukraine,"8,040",2014
United Arab Emirates,"6,600",2014
United Kingdom,"52,827",2014
Uruguay,"1,188",2014
Uzbekistan,"1,129",2014
Vanuatu,0,2014
Venezuela,"21,974",2014
Vietnam,"19,775",2014
Yemen,"1,566",2014
Zambia,555,2014
Zimbabwe,"1,232",2014
Unknown,"3,035",2014
Afghanistan,681,2015
Albania,"1,108",2015
Algeria,623,2015
Andorra,49,2015
Angola,"2,179",2015
Antigua and Barbuda,386,2015
Argentina,"9,821",2015
Armenia,554,2015
Australia,"17,851",2015
Austria,"6,221",2015
Azerbaijan,978,2015
Bahamas,"7,060",2015
Bahrain,"1,191",2015
Bangladesh,"6,384",2015
Barbados,735,2015
Belarus,"1,158",2015
Belgium,"6,038",2015
Belize,591,2015
Benin,480,2015
Bhutan,255,2015
Bolivia,"2,321",2015
Bosnia and Herzegovina,972,2015
Botswana,330,2015
Brazil,"59,078",2015
Brunei,180,2015
Bulgaria,"7,929",2015
Burkina Faso,861,2015
Burma,"1,456",2015
Burundi,186,2015
Cambodia,647,2015
Cameroon,"1,228",2015
Canada,"253,052",2015
Cape Verde,132,2015
Central African Republic,34,2015
Chad,68,2015
Chile,"9,980",2015
China,"521,330",2015
Colombia,"27,127",2015
Comoros,,2015
Congo (Brazzaville),230,2015
Congo (Kinshasa),786,2015
Costa Rica,"3,317",2015
Cote d'Ivoire,"1,120",2015
Croatia,"2,065",2015
Cuba,114,2015
Cyprus,906,2015
Czech Republic,"6,193",2015
Denmark,"7,357",2015
Djibouti,21,2015
Dominica,282,2015
Dominican Republic,"6,080",2015
East Timor,32,2015
Ecuador,"8,395",2015
Egypt,"7,555",2015
El Salvador,"2,688",2015
Equatorial Guinea,326,2015
Eritrea,181,2015
Estonia,965,2015
Ethiopia,"1,524",2015
Fiji,164,2015
Finland,"3,709",2015
France,"49,538",2015
Gabon,500,2015
Gambia,153,2015
Georgia,"1,298",2015
Germany,"58,366",2015
Ghana,"2,514",2015
Greece,"5,791",2015
Grenada,252,2015
Guatemala,"3,241",2015
Guinea,139,2015
Guinea-Bissau,17,2015
Guyana,355,2015
Haiti,"1,306",2015
Holy See,0,2015
Honduras,"4,066",2015
Hungary,"4,386",2015
Iceland,"1,309",2015
India,"179,581",2015
Indonesia,"13,224",2015
Iran,"7,937",2015
Iraq,"1,930",2015
Ireland,"17,132",2015
Israel,"13,704",2015
Italy,"27,694",2015
Jamaica,"10,242",2015
Japan,"66,385",2015
Jordan,"5,494",2015
Kazakhstan,"6,881",2015
Kenya,"2,840",2015
Kiribati,40,2015
"Korea, North",17,2015
"Korea, South","140,437",2015
Kosovo,770,2015
Kuwait,"21,805",2015
Kyrgyzstan,692,2015
Laos,194,2015
Latvia,854,2015
Lebanon,"3,417",2015
Lesotho,77,2015
Liberia,263,2015
Libya,"1,286",2015
Liechtenstein,60,2015
Lithuania,"2,144",2015
Luxembourg,327,2015
Macedonia,"1,791",2015
Madagascar,187,2015
Malawi,333,2015
Malaysia,"10,197",2015
Maldives,119,2015
Mali,435,2015
Malta,79,2015
Marshall Islands,0,2015
Mauritania,178,2015
Mauritius,353,2015
Mexico,"273,537",2015
"Micronesia, Federated States",0,2015
Moldova,"2,414",2015
Monaco,62,2015
Mongolia,"3,028",2015
Morocco,"2,988",2015
Mozambique,209,2015
Namibia,165,2015
Nauru,0,2015
Nepal,"6,756",2015
Netherlands,"11,542",2015
New Zealand,"5,706",2015
Nicaragua,"1,035",2015
Niger,200,2015
Nigeria,"11,766",2015
Norway,"10,067",2015
Oman,"4,988",2015
Pakistan,"10,000",2015
Palau,0,2015
Panama,"5,535",2015
Papua New Guinea,155,2015
Paraguay,"1,707",2015
Peru,"11,174",2015
Philippines,"10,596",2015
Poland,"9,992",2015
Portugal,"3,895",2015
Qatar,"3,755",2015
Romania,"8,034",2015
Russia,"15,866",2015
Rwanda,"1,306",2015
Saint Kitts and Nevis,475,2015
Saint Lucia,386,2015
Saint Vincent and the Grenadines,149,2015
Samoa,57,2015
San Marino,14,2015
Sao Tome and Principe,6,2015
Saudi Arabia,"143,519",2015
Senegal,753,2015
Serbia and Montenegro (former),"6,369",2015
Seychelles,26,2015
Sierra Leone,142,2015
Singapore,"11,282",2015
Slovakia,"5,018",2015
Slovenia,937,2015
Solomon Islands,0,2015
Somalia,42,2015
South Africa,"5,316",2015
South Sudan,105,2015
Spain,"36,255",2015
Sri Lanka,"3,176",2015
Sudan,502,2015
Suriname,229,2015
Swaziland,183,2015
Sweden,"14,526",2015
Switzerland,"10,755",2015
Syria,987,2015
Taiwan,"44,120",2015
Tajikistan,463,2015
Tanzania,"1,132",2015
Thailand,"19,954",2015
Togo,232,2015
Tonga,120,2015
Trinidad and Tobago,"3,278",2015
Tunisia,"1,599",2015
Turkey,"31,645",2015
Turkmenistan,434,2015
Tuvalu,4,2015
Uganda,"1,033",2015
Ukraine,"10,363",2015
United Arab Emirates,"6,912",2015
United Kingdom,"55,411",2015
Uruguay,"1,246",2015
Uzbekistan,"1,382",2015
Vanuatu,0,2015
Venezuela,"21,091",2015
Vietnam,"24,657",2015
Yemen,"1,451",2015
Zambia,528,2015
Zimbabwe,"1,284",2015
Unknown,"3,336",2015
Afghanistan,686,2016
Albania,"1,205",2016
Algeria,845,2016
Andorra,83,2016
Angola,"1,704",2016
Antigua and Barbuda,371,2016
Argentina,"10,665",2016
Armenia,546,2016
Australia,"17,887",2016
Austria,"6,245",2016
Azerbaijan,"1,120",2016
Bahamas,"7,301",2016
Bahrain,"1,139",2016
Bangladesh,"6,190",2016
Barbados,779,2016
Belarus,"1,475",2016
Belgium,"6,068",2016
Belize,659,2016
Benin,400,2016
Bhutan,233,2016
Bolivia,"2,614",2016
Bosnia and Herzegovina,961,2016
Botswana,366,2016
Brazil,"53,749",2016
Brunei,147,2016
Bulgaria,"7,002",2016
Burkina Faso,829,2016
Burma,"1,622",2016
Burundi,166,2016
Cape Verde,111,2016
Cambodia,698,2016
Cameroon,"1,259",2016
Canada,"231,582",2016
Central African Republic,32,2016
Chad,100,2016
Chile,"9,569",2016
China,"560,061",2016
Colombia,"27,527",2016
Comoros,10,2016
"Congo, Democratic Republic",820,2016
"Congo, Republic",203,2016
Costa Rica,"3,601",2016
Cote d'Ivoire,"1,202",2016
Croatia,"2,113",2016
Cuba,172,2016
Cyprus,914,2016
Czechia,"5,986",2016
Denmark,"7,016",2016
Djibouti,30,2016
Dominica,242,2016
Dominican Republic,"7,211",2016
Ecuador,"8,654",2016
Egypt,"8,219",2016
El Salvador,"2,896",2016
Equatorial Guinea,367,2016
Eritrea,204,2016
Estonia,955,2016
Ethiopia,"1,883",2016
Fiji,141,2016
Finland,"3,871",2016
France,"50,439",2016
Gabon,470,2016
Gambia,130,2016
Georgia,"1,282",2016
Germany,"55,556",2016
Ghana,"2,701",2016
Greece,"6,086",2016
Grenada,288,2016
Guatemala,"3,421",2016
Guinea,180,2016
Guinea-Bissau,11,2016
Guyana,404,2016
Haiti,"1,293",2016
Holy See,0,2016
Honduras,"4,271",2016
Hungary,"4,430",2016
Iceland,"1,423",2016
India,"181,721",2016
Indonesia,"13,356",2016
Iran,"7,492",2016
Iraq,"1,272",2016
Ireland,"13,953",2016
Israel,"13,289",2016
Italy,"28,908",2016
Jamaica,"11,812",2016
Japan,"64,947",2016
Jordan,"4,847",2016
Kazakhstan,"6,132",2016
Kenya,"3,112",2016
Kiribati,41,2016
"Korea, North",16,2016
"Korea, South","128,687",2016
Kosovo,875,2016
Kuwait,"21,861",2016
Kyrgyzstan,629,2016
Laos,204,2016
Latvia,902,2016
Lebanon,"3,585",2016
Lesotho,90,2016
Liberia,257,2016
Libya,583,2016
Liechtenstein,47,2016
Lithuania,"2,441",2016
Luxembourg,341,2016
Macedonia,"1,891",2016
Madagascar,186,2016
Malawi,355,2016
Malaysia,"9,916",2016
Maldives,63,2016
Mali,420,2016
Malta,78,2016
Marshall Islands,7,2016
Mauritania,150,2016
Mauritius,382,2016
Mexico,"264,446",2016
"Micronesia, Federated States",0,2016
Moldova,"2,120",2016
Monaco,60,2016
Mongolia,"3,057",2016
Morocco,"3,087",2016
Mozambique,254,2016
Namibia,166,2016
Nauru,3,2016
Nepal,"8,076",2016
Netherlands,"12,363",2016
New Zealand,"5,824",2016
Nicaragua,"1,130",2016
Niger,227,2016
Nigeria,"12,593",2016
Norway,"8,797",2016
Oman,"5,336",2016
Pakistan,"11,541",2016
Palau,4,2016
Panama,"5,464",2016
Papua New Guinea,133,2016
Paraguay,"1,636",2016
Peru,"13,145",2016
Philippines,"13,187",2016
Poland,"10,298",2016
Portugal,"3,984",2016
Qatar,"3,603",2016
Romania,"8,671",2016
Russia,"16,419",2016
Rwanda,"1,528",2016
Saint Kitts and Nevis,406,2016
Saint Lucia,324,2016
Saint Vincent and the Grenadines,149,2016
Samoa,63,2016
San Marino,13,2016
Sao Tome and Principe,0,2016
Saudi Arabia,"103,505",2016
Senegal,854,2016
Serbia and Montenegro (former),"7,725",2016
Seychelles,31,2016
Sierra Leone,186,2016
Singapore,"11,064",2016
Slovakia,"4,691",2016
Slovenia,944,2016
Solomon Islands,18,2016
Somalia,64,2016
South Africa,"5,791",2016
South Sudan,91,2016
Spain,"38,249",2016
Sri Lanka,"3,057",2016
Sudan,524,2016
Suriname,192,2016
Swaziland,197,2016
Sweden,"13,994",2016
Switzerland,"10,346",2016
Syria,908,2016
Taiwan,"44,307",2016
Tajikistan,467,2016
Tanzania,"1,084",2016
Thailand,"20,846",2016
Timor-Leste,38,2016
Togo,237,2016
Tonga,82,2016
Trinidad and Tobago,"3,255",2016
Tunisia,"1,787",2016
Turkey,"30,755",2016
Turkmenistan,416,2016
Tuvalu,4,2016
Uganda,"1,050",2016
Ukraine,"9,966",2016
United Arab Emirates,"6,817",2016
United Kingdom,"57,454",2016
Uruguay,"1,332",2016
Uzbekistan,"1,355",2016
Vanuatu,16,2016
Venezuela,"21,025",2016
Vietnam,"22,258",2016
Yemen,"1,327",2016
Zambia,511,2016
Zimbabwe,"1,406",2016
Unknown,"2,706",2016
Afghanistan,631,2017
Albania,"1,517",2017
Algeria,805,2017
Andorra,171,2017
Angola,"1,596",2017
Antigua and Barbuda,367,2017
Argentina,"11,542",2017
Armenia,636,2017
Australia,"18,741",2017
Austria,"6,506",2017
Azerbaijan,"1,273",2017
Bahamas,"7,962",2017
Bahrain,"1,057",2017
Bangladesh,"6,230",2017
Barbados,823,2017
Belarus,"1,328",2017
Belgium,"5,934",2017
Belize,736,2017
Benin,363,2017
Bhutan,264,2017
Bolivia,"2,640",2017
Bosnia and Herzegovina,"1,125",2017
Botswana,331,2017
Brazil,"61,958",2017
Brunei,133,2017
Bulgaria,"6,386",2017
Burkina Faso,488,2017
Burma,"1,976",2017
Burundi,192,2017
Cabo Verde,117,2017
Cambodia,767,2017
Cameroon,"1,541",2017
Canada,"210,388",2017
Central African Republic,29,2017
Chad,100,2017
Chile,"10,014",2017
China,"616,981",2017
Colombia,"29,572",2017
Comoros,0,2017
"Congo, Democratic Republic",644,2017
"Congo, Republic",163,2017
Costa Rica,"3,905",2017
Cote d'Ivoire,"1,284",2017
Croatia,"2,384",2017
Cuba,284,2017
Cyprus,"1,035",2017
Czechia,"6,368",2017
Denmark,"6,992",2017
Djibouti,45,2017
Dominica,386,2017
Dominican Republic,"8,305",2017
Ecuador,"9,283",2017
Egypt,"7,302",2017
El Salvador,"3,105",2017
Equatorial Guinea,307,2017
Eritrea,197,2017
Estonia,"1,012",2017
Ethiopia,"1,948",2017
Fiji,121,2017
Finland,"3,903",2017
France,"52,642",2017
Gabon,344,2017
Gambia,114,2017
Georgia,698,2017
Germany,"56,691",2017
Ghana,"3,037",2017
Greece,"6,376",2017
Grenada,270,2017
Guatemala,"3,543",2017
Guinea,137,2017
Guinea-Bissau,20,2017
Guyana,458,2017
Haiti,"1,443",2017
Holy See,0,2017
Honduras,"4,665",2017
Hungary,"4,808",2017
Iceland,"1,456",2017
India,"181,612",2017
Indonesia,"13,512",2017
Iran,"6,273",2017
Iraq,"1,041",2017
Ireland,"14,560",2017
Israel,"13,878",2017
Italy,"30,922",2017
Jamaica,"12,577",2017
Japan,"66,006",2017
Jordan,"4,785",2017
Kazakhstan,"6,927",2017
Kenya,"3,270",2017
Kiribati,42,2017
"Korea, North",14,2017
"Korea, South","125,827",2017
Kosovo,990,2017
Kuwait,"20,236",2017
Kyrgyzstan,187,2017
Laos,237,2017
Latvia,950,2017
Lebanon,"3,481",2017
Lesotho,91,2017
Liberia,336,2017
Libya,369,2017
Liechtenstein,41,2017
Lithuania,763,2017
Luxembourg,342,2017
Macedonia,"2,148",2017
Madagascar,158,2017
Malawi,357,2017
Malaysia,"10,440",2017
Maldives,65,2017
Mali,399,2017
Malta,102,2017
Marshall Islands,0,2017
Mauritania,118,2017
Mauritius,465,2017
Mexico,"235,898",2017
"Micronesia, Federated States",0,2017
Moldova,"1,562",2017
Monaco,61,2017
Mongolia,"2,926",2017
Morocco,"3,034",2017
Mozambique,232,2017
Namibia,194,2017
Nauru,0,2017
Nepal,"7,142",2017
Netherlands,"13,572",2017
New Zealand,"6,365",2017
Nicaragua,"1,187",2017
Niger,225,2017
Nigeria,"12,613",2017
Norway,"8,599",2017
Oman,"5,092",2017
Pakistan,"11,234",2017
Palau,0,2017
Panama,"5,964",2017
Papua New Guinea,145,2017
Paraguay,"1,760",2017
Peru,"14,153",2017
Philippines,"14,609",2017
Poland,"11,288",2017
Portugal,"4,156",2017
Qatar,"2,999",2017
Romania,"9,546",2017
Russia,"17,729",2017
Rwanda,"1,559",2017
Saint Kitts and Nevis,414,2017
Saint Lucia,355,2017
Saint Vincent and the Grenadines,150,2017
Samoa,74,2017
San Marino,16,2017
Sao Tome and Principe,0,2017
Saudi Arabia,"72,486",2017
Senegal,799,2017
Serbia and Montenegro (former),"3,949",2017
Seychelles,18,2017
Sierra Leone,225,2017
Singapore,"11,043",2017
Slovakia,"4,812",2017
Slovenia,988,2017
Solomon Islands,12,2017
Somalia,50,2017
South Africa,"6,708",2017
South Sudan,75,2017
Spain,"40,985",2017
Sri Lanka,"3,125",2017
Sudan,408,2017
Suriname,170,2017
Swaziland,71,2017
Sweden,"13,499",2017
Switzerland,"10,673",2017
Syria,666,2017
Taiwan,"46,859",2017
Tajikistan,492,2017
Tanzania,"1,062",2017
Thailand,"21,871",2017
Timor-Leste,35,2017
Togo,197,2017
Tonga,120,2017
Trinidad and Tobago,"3,221",2017
Tunisia,"1,699",2017
Turkey,"28,659",2017
Turkmenistan,464,2017
Tuvalu,5,2017
Uganda,"1,224",2017
Ukraine,"8,339",2017
United Arab Emirates,"5,783",2017
United Kingdom,"57,108",2017
Uruguay,"1,250",2017
Uzbekistan,"1,478",2017
Vanuatu,12,2017
Venezuela,"18,560",2017
Vietnam,"25,290",2017
Yemen,741,2017
Zambia,567,2017
Zimbabwe,"1,479",2017
Unknown,"9,777",2017
Afghanistan,544,2018
Albania,"1,812",2018
Algeria,764,2018
Andorra,77,2018
Angola,"1,366",2018
Antigua and Barbuda,408,2018
Argentina,"12,515",2018
Armenia,696,2018
Australia,"18,412",2018
Austria,"6,372",2018
Azerbaijan,"1,209",2018
Bahamas,"7,601",2018
Bahrain,"1,006",2018
Bangladesh,"7,655",2018
Barbados,791,2018
Belarus,"1,184",2018
Belgium,"5,864",2018
Belize,828,2018
Benin,288,2018
Bhutan,226,2018
Bolivia,"2,653",2018
Bosnia and Herzegovina,"1,174",2018
Botswana,331,2018
Brazil,"73,696",2018
Brunei,122,2018
Bulgaria,"6,200",2018
Burkina Faso,417,2018
Burma,"2,159",2018
Burundi,184,2018
Cabo Verde,95,2018
Cambodia,864,2018
Cameroon,"1,026",2018
Canada,"212,144",2018
Central African Republic,47,2018
Chad,84,2018
Chile,"10,386",2018
China,"657,996",2018
Colombia,"32,210",2018
Comoros,11,2018
"Congo, Democratic Republic",734,2018
"Congo, Republic",141,2018
Costa Rica,"4,375",2018
Cote d'Ivoire,"1,243",2018
Croatia,"2,442",2018
Cuba,260,2018
Cyprus,"1,097",2018
Czechia,"6,249",2018
Denmark,"7,004",2018
Djibouti,28,2018
Dominica,453,2018
Dominican Republic,"10,131",2018
Ecuador,"10,277",2018
Egypt,"7,950",2018
El Salvador,"3,043",2018
Equatorial Guinea,309,2018
Eritrea,125,2018
Estonia,"1,043",2018
Eswatini (formerly Swaziland),205,2018
Ethiopia,"2,061",2018
Fiji,156,2018
Finland,"3,799",2018
France,"53,480",2018
Gabon,307,2018
Gambia,147,2018
Georgia,"1,637",2018
Germany,"55,791",2018
Ghana,"3,765",2018
Greece,"6,633",2018
Grenada,326,2018
Guatemala,"3,536",2018
Guinea,108,2018
Guinea-Bissau,22,2018
Guyana,490,2018
Haiti,"1,591",2018
Holy See,0,2018
Honduras,"4,809",2018
Hungary,"4,809",2018
Iceland,"1,577",2018
India,"196,357",2018
Indonesia,"13,690",2018
Iran,"4,870",2018
Iraq,936,2018
Ireland,"13,704",2018
Israel,"14,897",2018
Italy,"32,776",2018
Jamaica,"14,450",2018
Japan,"65,143",2018
Jordan,"4,978",2018
Kazakhstan,"6,599",2018
Kenya,"3,673",2018
Kiribati,50,2018
"Korea, North",16,2018
"Korea, South","124,047",2018
Kosovo,844,2018
Kuwait,"18,892",2018
Kyrgyzstan,782,2018
Laos,247,2018
Latvia,"1,014",2018
Lebanon,"3,893",2018
Lesotho,92,2018
Liberia,303,2018
Libya,297,2018
Liechtenstein,43,2018
Lithuania,"2,936",2018
Luxembourg,341,2018
Macedonia,"2,091",2018
Madagascar,191,2018
Malawi,370,2018
Malaysia,"10,037",2018
Maldives,62,2018
Mali,357,2018
Malta,142,2018
Marshall Islands,0,2018
Mauritania,110,2018
Mauritius,551,2018
Mexico,"206,469",2018
"Micronesia, Federated States",0,2018
Moldova,"1,014",2018
Monaco,64,2018
Mongolia,"2,829",2018
Morocco,"2,674",2018
Mozambique,227,2018
Namibia,198,2018
Nauru,0,2018
Nepal,"6,613",2018
Netherlands,"13,511",2018
New Zealand,"6,553",2018
Nicaragua,"1,163",2018
Niger,191,2018
Nigeria,"12,014",2018
Norway,"8,466",2018
Oman,"4,912",2018
Pakistan,"11,922",2018
Palau,-,2018
Panama,"6,025",2018
Papua New Guinea,115,2018
Paraguay,"1,880",2018
Peru,"15,165",2018
Philippines,"15,340",2018
Poland,"11,675",2018
Portugal,"4,219",2018
Qatar,"2,358",2018
Romania,"9,739",2018
Russia,"16,522",2018
Rwanda,"1,838",2018
Saint Kitts and Nevis,435,2018
Saint Lucia,395,2018
Saint Vincent and the Grenadines,142,2018
Samoa,84,2018
San Marino,11,2018
Sao Tome and Principe,0,2018
Saudi Arabia,"65,518",2018
Senegal,701,2018
Serbia and Montenegro ,"2,149",2018
Seychelles,31,2018
Sierra Leone,197,2018
Singapore,"10,906",2018
Slovakia,"4,344",2018
Slovenia,969,2018
Solomon Islands,28,2018
Somalia,35,2018
South Africa,"7,735",2018
South Sudan,114,2018
Spain,"43,573",2018
Sri Lanka,"3,004",2018
Sudan,463,2018
Suriname,175,2018
Sweden,"13,039",2018
Switzerland,"10,366",2018
Syria,427,2018
Taiwan,"48,328",2018
Tajikistan,441,2018
Tanzania,"1,060",2018
Thailand,"22,149",2018
Timor-Leste,34,2018
Togo,196,2018
Tonga,108,2018
Trinidad and Tobago,"3,130",2018
Tunisia,"1,520",2018
Turkey,"26,856",2018
Turkmenistan,320,2018
Tuvalu,7,2018
Uganda,"1,249",2018
Ukraine,"6,285",2018
United Arab Emirates,"5,247",2018
United Kingdom,"56,614",2018
Uruguay,"1,242",2018
Uzbekistan,"1,559",2018
Vanuatu,15,2018
Venezuela,"15,527",2018
Vietnam,"25,456",2018
Yemen,433,2018
Zambia,583,2018
Zimbabwe,"1,570",2018
Unknown,"7,390",2018
Afghanistan,529,2019
Albania,"2,215",2019
Algeria,700,2019
Andorra,76,2019
Angola,"1,055",2019
Antigua and Barbuda,415,2019
Argentina,"12,502",2019
Armenia,800,2019
Australia,"18,551",2019
Austria,"6,251",2019
Azerbaijan,"1,346",2019
Bahamas,"7,492",2019
Bahrain,944,2019
Bangladesh,"7,736",2019
Barbados,744,2019
Belarus,"1,170",2019
Belgium,"5,910",2019
Belize,706,2019
Benin,270,2019
Bhutan,230,2019
Bolivia,"2,841",2019
Bosnia and Herzegovina,"1,224",2019
Botswana,381,2019
Brazil,"78,101",2019
Brunei,125,2019
Bulgaria,"6,303",2019
Burkina Faso,459,2019
Burma,"2,187",2019
Burundi,303,2019
Cabo Verde,92,2019
Cambodia,974,2019
Cameroon,775,2019
Canada,"209,607",2019
Central African Republic,31,2019
Chad,96,2019
Chile,"10,666",2019
China,"652,259",2019
Colombia,"35,789",2019
Comoros,0,2019
"Congo, Democratic Republic",772,2019
"Congo, Republic",104,2019
Costa Rica,"4,479",2019
Cote d'Ivoire,"1,161",2019
Croatia,"2,543",2019
Cuba,247,2019
Cyprus,"1,140",2019
Czechia,"5,527",2019
Denmark,"6,405",2019
Djibouti,20,2019
Dominica,596,2019
Dominican Republic,"12,139",2019
Ecuador,"11,188",2019
Egypt,"8,119",2019
El Salvador,"3,298",2019
Equatorial Guinea,299,2019
Eritrea,64,2019
Estonia,"1,052",2019
Eswatini (formerly Swaziland),214,2019
Ethiopia,"2,242",2019
Fiji,135,2019
Finland,"3,514",2019
France,"53,619",2019
Gabon,318,2019
Gambia,160,2019
Georgia,"1,660",2019
Germany,"54,287",2019
Ghana,"3,917",2019
Greece,"6,822",2019
Grenada,261,2019
Guatemala,"3,678",2019
Guinea,113,2019
Guinea-Bissau,19,2019
Guyana,540,2019
Haiti,"1,549",2019
Holy See,0,2019
Honduras,"4,930",2019
Hungary,"4,879",2019
Iceland,"1,527",2019
India,"201,472",2019
Indonesia,"13,045",2019
Iran,"4,506",2019
Iraq,790,2019
Ireland,"12,910",2019
Israel,"15,169",2019
Italy,"33,951",2019
Jamaica,"14,799",2019
Japan,"64,218",2019
Jordan,"4,676",2019
Kazakhstan,"6,619",2019
Kenya,"4,164",2019
Kiribati,47,2019
"Korea, North",21,2019
"Korea, South","122,867",2019
Kosovo,868,2019
Kuwait,"15,626",2019
Kyrgyzstan,945,2019
Laos,303,2019
Latvia,"1,093",2019
Lebanon,"4,010",2019
Lesotho,88,2019
Liberia,266,2019
Libya,322,2019
Liechtenstein,0,2019
Lithuania,"3,073",2019
Luxembourg,334,2019
Madagascar,225,2019
Malawi,395,2019
Malaysia,"9,707",2019
Maldives,46,2019
Mali,387,2019
Malta,216,2019
Marshall Islands,0,2019
Mauritania,114,2019
Mauritius,619,2019
Mexico,"175,416",2019
"Micronesia, Federated States",9,2019
Moldova,903,2019
Monaco,0,2019
Mongolia,"3,014",2019
Morocco,"2,934",2019
Mozambique,233,2019
Namibia,226,2019
Nauru,0,2019
Nepal,"6,610",2019
Netherlands,"13,566",2019
New Zealand,"6,650",2019
Nicaragua,"1,216",2019
Niger,194,2019
Nigeria,"10,992",2019
North Macedonia (formerly Macedonia),"1,953",2019
Norway,"8,089",2019
Oman,"4,396",2019
Pakistan,"12,253",2019
Palau,0,2019
Panama,"6,000",2019
Papua New Guinea,141,2019
Paraguay,"1,896",2019
Peru,"17,458",2019
Philippines,"13,878",2019
Poland,"11,773",2019
Portugal,"4,429",2019
Qatar,"1,756",2019
Romania,"10,299",2019
Russia,"17,998",2019
Rwanda,"2,003",2019
Saint Kitts and Nevis,401,2019
Saint Lucia,396,2019
Saint Vincent and the Grenadines,175,2019
Samoa,82,2019
San Marino,18,2019
Sao Tome and Principe,8,2019
Saudi Arabia,"55,002",2019
Senegal,822,2019
Serbia and Montenegro (former),"1,853",2019
Seychelles,23,2019
Sierra Leone,215,2019
Singapore,"11,462",2019
Slovakia,"4,036",2019
Slovenia,"1,016",2019
Solomon Islands,23,2019
Somalia,27,2019
South Africa,"8,593",2019
South Sudan,130,2019
Spain,"45,022",2019
Sri Lanka,"2,718",2019
Sudan,485,2019
Suriname,165,2019
Sweden,"12,176",2019
Switzerland,"9,700",2019
Syria,300,2019
Taiwan,"48,172",2019
Tajikistan,444,2019
Tanzania,"1,115",2019
Thailand,"21,389",2019
Timor-Leste,59,2019
Togo,197,2019
Tonga,128,2019
Trinidad and Tobago,"3,202",2019
Tunisia,"1,475",2019
Turkey,"27,516",2019
Turkmenistan,327,2019
Tuvalu,0,2019
Uganda,"1,344",2019
Ukraine,"6,030",2019
United Arab Emirates,"4,828",2019
United Kingdom,"55,822",2019
Uruguay,"1,252",2019
Uzbekistan,"1,948",2019
Vanuatu,17,2019
Venezuela,"12,068",2019
Vietnam,"26,277",2019
Yemen,536,2019
Zambia,620,2019
Zimbabwe,"1,658",2019
Unknown,"6,698",2019
Afghanistan,203,2020
Albania,786,2020
Algeria,303,2020
Andorra,48,2020
Angola,401,2020
Antigua and Barbuda,269,2020
Argentina,"8,788",2020
Armenia,338,2020
Australia,"8,303",2020
Austria,"2,816",2020
Azerbaijan,513,2020
Bahamas,"4,812",2020
Bahrain,524,2020
Bangladesh,"4,071",2020
Barbados,410,2020
Belarus,404,2020
Belgium,"3,030",2020
Belize,372,2020
Benin,174,2020
Bhutan,75,2020
Bolivia,"1,573",2020
Bosnia and Herzegovina,290,2020
Botswana,154,2020
Brazil,"37,164",2020
Brunei,55,2020
Bulgaria,"1,056",2020
Burkina Faso,162,2020
Burma,976,2020
Burundi,109,2020
Cabo Verde,45,2020
Cambodia,323,2020
Cameroon,321,2020
Canada,"113,924",2020
Central African Republic,0,2020
Chad,23,2020
Chile,"6,041",2020
China,"237,306",2020
Colombia,"16,362",2020
Comoros,0,2020
"Congo, Democratic Republic",288,2020
"Congo, Republic",50,2020
Costa Rica,"3,081",2020
Cote d'Ivoire,603,2020
Croatia,830,2020
Cuba,97,2020
Cyprus,605,2020
Czechia,"1,950",2020
Denmark,"2,665",2020
Djibouti,0,2020
Dominica,377,2020
Dominican Republic,"3,136",2020
Ecuador,"6,554",2020
Egypt,"4,157",2020
El Salvador,"1,626",2020
Equatorial Guinea,119,2020
Eritrea,28,2020
Estonia,390,2020
Eswatini,92,2020
Ethiopia,"1,054",2020
Fiji,52,2020
Finland,"1,711",2020
France,"26,464",2020
Gabon,121,2020
Gambia,94,2020
Georgia,721,2020
Germany,"23,237",2020
Ghana,"1,534",2020
Greece,"3,633",2020
Grenada,152,2020
Guatemala,"2,059",2020
Guinea,37,2020
Guinea-Bissau,11,2020
Guyana,265,2020
Haiti,712,2020
Holy See,4,2020
Honduras,"2,770",2020
Hungary,"1,688",2020
Iceland,886,2020
India,"115,992",2020
Indonesia,"5,901",2020
Iran,"1,605",2020
Iraq,296,2020
Ireland,"4,102",2020
Israel,"6,639",2020
Italy,"15,767",2020
Jamaica,"4,095",2020
Japan,"28,551",2020
Jordan,"2,096",2020
Kazakhstan,"2,450",2020
Kenya,"2,086",2020
Kiribati,18,2020
"Korea, North",6,2020
"Korea, South","62,117",2020
Kosovo,205,2020
Kuwait,"8,298",2020
Kyrgyzstan,265,2020
Laos,83,2020
Latvia,444,2020
Lebanon,"1,939",2020
Lesotho,26,2020
Liberia,90,2020
Libya,159,2020
Liechtenstein,25,2020
Lithuania,579,2020
Luxembourg,175,2020
Madagascar,113,2020
Malawi,125,2020
Malaysia,"4,421",2020
Maldives,31,2020
Mali,163,2020
Malta,123,2020
Marshall Islands,0,2020
Mauritania,52,2020
Mauritius,282,2020
Mexico,"94,953",2020
"Micronesia, Federated States",,2020
Moldova,231,2020
Monaco,27,2020
Mongolia,795,2020
Morocco,"1,336",2020
Mozambique,102,2020
Namibia,108,2020
Nauru,0,2020
Nepal,"3,226",2020
Netherlands,"6,784",2020
New Zealand,"3,097",2020
Nicaragua,667,2020
Niger,111,2020
Nigeria,"4,579",2020
North Macedonia,246,2020
Norway,"3,951",2020
Oman,"3,213",2020
Pakistan,"6,830",2020
Palau,0,2020
Panama,"2,927",2020
Papua New Guinea,53,2020
Paraguay,"1,249",2020
Peru,"11,975",2020
Philippines,"5,080",2020
Poland,"3,600",2020
Portugal,"2,270",2020
Qatar,822,2020
Romania,"1,425",2020
Russia,"6,640",2020
Rwanda,789,2020
Saint Kitts and Nevis,216,2020
Saint Lucia,219,2020
Saint Vincent and the Grenadines,109,2020
Samoa,25,2020
San Marino,7,2020
Sao Tome and Principe,-,2020
Saudi Arabia,"20,481",2020
Senegal,342,2020
Serbia and Montenegro (former),278,2020
Seychelles,8,2020
Sierra Leone,72,2020
Singapore,"5,639",2020
Slovakia,789,2020
Slovenia,456,2020
Solomon Islands,7,2020
Somalia,0,2020
South Africa,"4,652",2020
South Sudan,38,2020
Spain,"21,883",2020
Sri Lanka,"1,296",2020
Sudan,232,2020
Suriname,77,2020
Sweden,"5,800",2020
Switzerland,"4,356",2020
Syria,103,2020
Taiwan,"24,130",2020
Tajikistan,135,2020
Tanzania,477,2020
Thailand,"5,801",2020
Timor-Leste,23,2020
Togo,84,2020
Tonga,45,2020
Trinidad and Tobago,"1,693",2020
Tunisia,649,2020
Turkey,"10,817",2020
Turkmenistan,89,2020
Tuvalu,0,2020
Uganda,522,2020
Ukraine,"2,641",2020
United Arab Emirates,"2,510",2020
United Kingdom,"23,712",2020
Uruguay,735,2020
Uzbekistan,256,2020
Vanuatu,7,2020
Venezuela,"5,249",2020
Vietnam,"10,356",2020
Yemen,291,2020
Zambia,251,2020
Zimbabwe,753,2020
Unknown,"3,794",2020
Afghanistan,310,2021
Albania,"1,095",2021
Algeria,231,2021
Andorra,50,2021
Angola,325,2021
Antigua and Barbuda,209,2021
Argentina,"5,897",2021
Armenia,545,2021
Australia,"4,081",2021
Austria,"2,374",2021
Azerbaijan,924,2021
Bahamas,"4,924",2021
Bahrain,474,2021
Bangladesh,"7,450",2021
Barbados,418,2021
Belarus,624,2021
Belgium,"3,082",2021
Belize,436,2021
Benin,164,2021
Bhutan,106,2021
Bolivia,"1,844",2021
Bosnia and Herzegovina,562,2021
Botswana,176,2021
Brazil,"23,470",2021
Brunei,27,2021
Bulgaria,"1,411",2021
Burkina Faso,196,2021
Burma,"1,304",2021
Burundi,128,2021
Cabo Verde,39,2021
Cambodia,322,2021
Cameroon,580,2021
Canada,"68,305",2021
Central African Republic,0,2021
Chad,42,2021
Chile,"5,440",2021
China,"140,935",2021
Colombia,"22,923",2021
Comoros,0,2021
"Congo, Democratic Republic",737,2021
"Congo, Republic",57,2021
Costa Rica,"2,425",2021
Cote d'Ivoire,781,2021
Croatia,"1,194",2021
Cuba,102,2021
Cyprus,577,2021
Czechia,"2,130",2021
Denmark,"2,526",2021
Djibouti,7,2021
Dominica,217,2021
Dominican Republic,"9,401",2021
Ecuador,"6,976",2021
Egypt,"4,591",2021
El Salvador,"1,883",2021
Equatorial Guinea,120,2021
Eritrea,65,2021
Estonia,413,2021
Eswatini,149,2021
Ethiopia,"2,285",2021
Fiji,34,2021
Finland,"1,070",2021
France,"19,400",2021
Gabon,115,2021
Gambia,120,2021
Georgia,915,2021
Germany,"22,389",2021
Ghana,"2,606",2021
Greece,"3,534",2021
Grenada,144,2021
Guatemala,"2,276",2021
Guinea,64,2021
Guinea-Bissau,8,2021
Guyana,351,2021
Haiti,847,2021
Holy See,0,2021
Honduras,"3,447",2021
Hungary,"1,657",2021
Iceland,757,2021
India,"137,586",2021
Indonesia,"6,098",2021
Iran,"2,872",2021
Iraq,243,2021
Ireland,"2,078",2021
Israel,"7,715",2021
Italy,"15,715",2021
Jamaica,"8,741",2021
Japan,"19,195",2021
Jordan,"2,844",2021
Kazakhstan,"4,008",2021
Kenya,"3,346",2021
Kiribati,4,2021
"Korea, North",0,2021
"Korea, South","47,362",2021
Kosovo,292,2021
Kuwait,"6,975",2021
Kyrgyzstan,653,2021
Laos,20,2021
Latvia,463,2021
Lebanon,"2,440",2021
Lesotho,43,2021
Liberia,185,2021
Libya,186,2021
Liechtenstein,17,2021
Lithuania,586,2021
Luxembourg,153,2021
Madagascar,111,2021
Malawi,259,2021
Malaysia,"2,991",2021
Maldives,32,2021
Mali,263,2021
Malta,109,2021
Marshall Islands,-,2021
Mauritania,61,2021
Mauritius,242,2021
Mexico,"83,888",2021
"Micronesia, Federated States",-,2021
Moldova,388,2021
Monaco,31,2021
Mongolia,"1,347",2021
Morocco,"1,828",2021
Mozambique,152,2021
Namibia,125,2021
Nauru,-,2021
Nepal,"4,771",2021
Netherlands,"5,434",2021
New Zealand,"1,557",2021
Nicaragua,697,2021
Niger,108,2021
Nigeria,"9,181",2021
North Macedonia,390,2021
Norway,"3,539",2021
Oman,"2,067",2021
Pakistan,"9,741",2021
Palau,-,2021
Panama,"3,865",2021
Papua New Guinea,64,2021
Paraguay,944,2021
Peru,"5,866",2021
Philippines,"4,848",2021
Poland,"3,694",2021
Portugal,"2,219",2021
Qatar,542,2021
Romania,"3,762",2021
Russia,"5,035",2021
Rwanda,"1,254",2021
Saint Kitts and Nevis,164,2021
Saint Lucia,201,2021
Saint Vincent and the Grenadines,101,2021
Samoa,0,2021
San Marino,0,2021
Sao Tome and Principe,0,2021
Saudi Arabia,"22,217",2021
Senegal,515,2021
Seychelles,11,2021
Sierra Leone,121,2021
Singapore,"3,099",2021
Slovakia,687,2021
Slovenia,402,2021
Solomon Islands,6,2021
Somalia,80,2021
South Africa,"3,811",2021
South Sudan,56,2021
Spain,"24,521",2021
Sri Lanka,"1,125",2021
Sudan,331,2021
Suriname,63,2021
Sweden,"4,874",2021
Switzerland,"3,962",2021
Syria,170,2021
Taiwan,"15,592",2021
Tajikistan,168,2021
Tanzania,736,2021
Thailand,"6,708",2021
Timor-Leste,16,2021
Togo,120,2021
Tonga,8,2021
Trinidad and Tobago,967,2021
Tunisia,929,2021
Turkey,"11,588",2021
Turkmenistan,55,2021
Tuvalu,0,2021
Uganda,606,2021
Ukraine,"3,133",2021
United Arab Emirates,"1,770",2021
United Kingdom,"18,135",2021
Uruguay,615,2021
Uzbekistan,527,2021
Vanuatu,0,2021
Venezuela,"3,425",2021
Vietnam,"7,183",2021
Yemen,353,2021
Zambia,410,2021
Zimbabwe,"1,110",2021
,,
,,